email,first_name,last_name,password,role,is_deleted
janice.white0@example.com,Janice,White,$2a$10$gjp.4fGdLFm2hd5gP35XzeAA0Xo0Y3m7r6zhTYjSaJj/noYZ4pkp.,CUSTOMER,0
shelley.garcia1@example.com,Shelley,Garcia,$2a$10$2lYYRDSP/ToE0q1/wXFA9O4UV4HC7hEh0aRYv3FPgvkN.c1s5uM6S,CUSTOMER,0
debra.nguyen2@example.com,Debra,Nguyen,$2a$10$qd5AyUtQIrgbGCrx6zecQuv5ttuvMcmC4weOTI9I8E.HRcAVATXHG,CUSTOMER,0
amber.weeks3@example.com,Amber,Weeks,$2a$10$jA8NX6H1tdL24vu10zQntOIe2SdCCTQr40G5GAK27z.qEDI3Ds5vS,CUSTOMER,0
lee.duncan4@example.com,Lee,Duncan,$2a$10$jA8NX6H1tdL24vu10zQntOIe2SdCCTQr40G5GAK27z.qEDI3Ds5vS,CUSTOMER,0
william.maddox5@example.com,William,Maddox,$2a$10$jA8NX6H1tdL24vu10zQntOIe2SdCCTQr40G5GAK27z.qEDI3Ds5vS,CUSTOMER,0
shannon.powell6@example.com,Shannon,Powell,$2a$10$jA8NX6H1tdL24vu10zQntOIe2SdCCTQr40G5GAK27z.qEDI3Ds5vS,CUSTOMER,0
paul.foster7@example.com,Paul,Foster,$2a$10$jA8NX6H1tdL24vu10zQntOIe2SdCCTQr40G5GAK27z.qEDI3Ds5vS,CUSTOMER,0
scott.smith8@example.com,Scott,Smith,$2a$10$jA8NX6H1tdL24vu10zQntOIe2SdCCTQr40G5GAK27z.qEDI3Ds5vS,CUSTOMER,0
lisa.ross9@example.com,Lisa,Ross,$2a$10$jA8NX6H1tdL24vu10zQntOIe2SdCCTQr40G5GAK27z.qEDI3Ds5vS,CUSTOMER,0
donna.melton10@example.com,Donna,Melton,$2a$10$jA8NX6H1tdL24vu10zQntOIe2SdCCTQr40G5GAK27z.qEDI3Ds5vS,CUSTOMER,0
adam.wilson11@example.com,Adam,Wilson,$2a$10$jA8NX6H1tdL24vu10zQntOIe2SdCCTQr40G5GAK27z.qEDI3Ds5vS,CUSTOMER,0
charles.fleming12@example.com,Charles,Fleming,$2a$10$jA8NX6H1tdL24vu10zQntOIe2SdCCTQr40G5GAK27z.qEDI3Ds5vS,CUSTOMER,0
amber.gonzalez13@example.com,Amber,Gonzalez,$2a$10$jA8NX6H1tdL24vu10zQntOIe2SdCCTQr40G5GAK27z.qEDI3Ds5vS,CUSTOMER,0
sarah.king14@example.com,Sarah,King,$2a$10$jA8NX6H1tdL24vu10zQntOIe2SdCCTQr40G5GAK27z.qEDI3Ds5vS,CUSTOMER,0
aaron.schneider15@example.com,Aaron,Schneider,$2a$10$jA8NX6H1tdL24vu10zQntOIe2SdCCTQr40G5GAK27z.qEDI3Ds5vS,CUSTOMER,0
tammie.cox16@example.com,Tammie,Cox,$2a$10$jA8NX6H1tdL24vu10zQntOIe2SdCCTQr40G5GAK27z.qEDI3Ds5vS,CUSTOMER,0
christina.price17@example.com,Christina,Price,$2a$10$jA8NX6H1tdL24vu10zQntOIe2SdCCTQr40G5GAK27z.qEDI3Ds5vS,CUSTOMER,0
jennifer.farmer18@example.com,Jennifer,Farmer,$2a$10$jA8NX6H1tdL24vu10zQntOIe2SdCCTQr40G5GAK27z.qEDI3Ds5vS,CUSTOMER,0
andrew.henry19@example.com,Andrew,Henry,$2a$10$jA8NX6H1tdL24vu10zQntOIe2SdCCTQr40G5GAK27z.qEDI3Ds5vS,CUSTOMER,0
donna.mcdaniel20@example.com,Donna,Mcdaniel,$2a$10$jA8NX6H1tdL24vu10zQntOIe2SdCCTQr40G5GAK27z.qEDI3Ds5vS,CUSTOMER,0
eric.martin21@example.com,Eric,Martin,$2a$10$jA8NX6H1tdL24vu10zQntOIe2SdCCTQr40G5GAK27z.qEDI3Ds5vS,CUSTOMER,0
dustin.lee22@example.com,Dustin,Lee,$2a$10$jA8NX6H1tdL24vu10zQntOIe2SdCCTQr40G5GAK27z.qEDI3Ds5vS,CUSTOMER,0
lindsey.lewis23@example.com,Lindsey,Lewis,$2a$10$jA8NX6H1tdL24vu10zQntOIe2SdCCTQr40G5GAK27z.qEDI3Ds5vS,CUSTOMER,0
allen.ortega24@example.com,Allen,Ortega,$2a$10$jA8NX6H1tdL24vu10zQntOIe2SdCCTQr40G5GAK27z.qEDI3Ds5vS,CUSTOMER,0
justin.davis25@example.com,Justin,Davis,$2a$10$jA8NX6H1tdL24vu10zQntOIe2SdCCTQr40G5GAK27z.qEDI3Ds5vS,CUSTOMER,0
david.schmidt26@example.com,David,Schmidt,$2a$10$jA8NX6H1tdL24vu10zQntOIe2SdCCTQr40G5GAK27z.qEDI3Ds5vS,CUSTOMER,0
loretta.jones27@example.com,Loretta,Jones,$2a$10$jA8NX6H1tdL24vu10zQntOIe2SdCCTQr40G5GAK27z.qEDI3Ds5vS,CUSTOMER,0
matthew.peterson28@example.com,Matthew,Peterson,$2a$10$jA8NX6H1tdL24vu10zQntOIe2SdCCTQr40G5GAK27z.qEDI3Ds5vS,CUSTOMER,0
chelsea.hamilton29@example.com,Chelsea,Hamilton,$2a$10$jA8NX6H1tdL24vu10zQntOIe2SdCCTQr40G5GAK27z.qEDI3Ds5vS,CUSTOMER,0
lindsey.cox30@example.com,Lindsey,Cox,$2a$10$jA8NX6H1tdL24vu10zQntOIe2SdCCTQr40G5GAK27z.qEDI3Ds5vS,CUSTOMER,0
janice.west31@example.com,Janice,West,$2a$10$jA8NX6H1tdL24vu10zQntOIe2SdCCTQr40G5GAK27z.qEDI3Ds5vS,CUSTOMER,0
terrence.thompson32@example.com,Terrence,Thompson,$2a$10$jA8NX6H1tdL24vu10zQntOIe2SdCCTQr40G5GAK27z.qEDI3Ds5vS,CUSTOMER,0
janice.meza33@example.com,Janice,Meza,$2a$10$jA8NX6H1tdL24vu10zQntOIe2SdCCTQr40G5GAK27z.qEDI3Ds5vS,CUSTOMER,0
christopher.hamilton34@example.com,Christopher,Hamilton,$2a$10$jA8NX6H1tdL24vu10zQntOIe2SdCCTQr40G5GAK27z.qEDI3Ds5vS,CUSTOMER,0
charles.gray35@example.com,Charles,Gray,$2a$10$jA8NX6H1tdL24vu10zQntOIe2SdCCTQr40G5GAK27z.qEDI3Ds5vS,CUSTOMER,0
jennifer.jimenez36@example.com,Jennifer,Jimenez,$2a$10$jA8NX6H1tdL24vu10zQntOIe2SdCCTQr40G5GAK27z.qEDI3Ds5vS,CUSTOMER,0
dana.valentine37@example.com,Dana,Valentine,$2a$10$jA8NX6H1tdL24vu10zQntOIe2SdCCTQr40G5GAK27z.qEDI3Ds5vS,CUSTOMER,0
carolyn.nelson38@example.com,Carolyn,Nelson,$2a$10$jA8NX6H1tdL24vu10zQntOIe2SdCCTQr40G5GAK27z.qEDI3Ds5vS,CUSTOMER,0
john.hodge39@example.com,John,Hodge,$2a$10$jA8NX6H1tdL24vu10zQntOIe2SdCCTQr40G5GAK27z.qEDI3Ds5vS,CUSTOMER,0
joseph.west40@example.com,Joseph,West,$2a$10$jA8NX6H1tdL24vu10zQntOIe2SdCCTQr40G5GAK27z.qEDI3Ds5vS,CUSTOMER,0
christina.hunt41@example.com,Christina,Hunt,$2a$10$jA8NX6H1tdL24vu10zQntOIe2SdCCTQr40G5GAK27z.qEDI3Ds5vS,CUSTOMER,0
amanda.terrell42@example.com,Amanda,Terrell,$2a$10$jA8NX6H1tdL24vu10zQntOIe2SdCCTQr40G5GAK27z.qEDI3Ds5vS,CUSTOMER,0
thomas.kelly43@example.com,Thomas,Kelly,$2a$10$jA8NX6H1tdL24vu10zQntOIe2SdCCTQr40G5GAK27z.qEDI3Ds5vS,CUSTOMER,0
timothy.martinez44@example.com,Timothy,Martinez,$2a$10$jA8NX6H1tdL24vu10zQntOIe2SdCCTQr40G5GAK27z.qEDI3Ds5vS,CUSTOMER,0
theresa.waters45@example.com,Theresa,Waters,$2a$10$jA8NX6H1tdL24vu10zQntOIe2SdCCTQr40G5GAK27z.qEDI3Ds5vS,CUSTOMER,0
jerry.silva46@example.com,Jerry,Silva,$2a$10$jA8NX6H1tdL24vu10zQntOIe2SdCCTQr40G5GAK27z.qEDI3Ds5vS,CUSTOMER,0
anita.calderon47@example.com,Anita,Calderon,$2a$10$jA8NX6H1tdL24vu10zQntOIe2SdCCTQr40G5GAK27z.qEDI3Ds5vS,CUSTOMER,0
alicia.edwards48@example.com,Alicia,Edwards,$2a$10$jA8NX6H1tdL24vu10zQntOIe2SdCCTQr40G5GAK27z.qEDI3Ds5vS,CUSTOMER,0
james.mcfarland49@example.com,James,Mcfarland,$2a$10$jA8NX6H1tdL24vu10zQntOIe2SdCCTQr40G5GAK27z.qEDI3Ds5vS,CUSTOMER,0
molly.johnson50@example.com,Molly,Johnson,$2a$10$jA8NX6H1tdL24vu10zQntOIe2SdCCTQr40G5GAK27z.qEDI3Ds5vS,CUSTOMER,0
bridget.hogan51@example.com,Bridget,Hogan,$2a$10$jA8NX6H1tdL24vu10zQntOIe2SdCCTQr40G5GAK27z.qEDI3Ds5vS,CUSTOMER,0
jesse.ayala52@example.com,Jesse,Ayala,$2a$10$jA8NX6H1tdL24vu10zQntOIe2SdCCTQr40G5GAK27z.qEDI3Ds5vS,CUSTOMER,0
heather.payne53@example.com,Heather,Payne,$2a$10$jA8NX6H1tdL24vu10zQntOIe2SdCCTQr40G5GAK27z.qEDI3Ds5vS,CUSTOMER,0
tyrone.reynolds54@example.com,Tyrone,Reynolds,$2a$10$jA8NX6H1tdL24vu10zQntOIe2SdCCTQr40G5GAK27z.qEDI3Ds5vS,CUSTOMER,0
alexander.nguyen55@example.com,Alexander,Nguyen,$2a$10$jA8NX6H1tdL24vu10zQntOIe2SdCCTQr40G5GAK27z.qEDI3Ds5vS,CUSTOMER,0
richard.kim56@example.com,Richard,Kim,$2a$10$jA8NX6H1tdL24vu10zQntOIe2SdCCTQr40G5GAK27z.qEDI3Ds5vS,CUSTOMER,0
michele.sanders57@example.com,Michele,Sanders,$2a$10$jA8NX6H1tdL24vu10zQntOIe2SdCCTQr40G5GAK27z.qEDI3Ds5vS,CUSTOMER,0
eric.dunn58@example.com,Eric,Dunn,$2a$10$jA8NX6H1tdL24vu10zQntOIe2SdCCTQr40G5GAK27z.qEDI3Ds5vS,CUSTOMER,0
erin.colon59@example.com,Erin,Colon,$2a$10$jA8NX6H1tdL24vu10zQntOIe2SdCCTQr40G5GAK27z.qEDI3Ds5vS,CUSTOMER,0
sarah.williams60@example.com,Sarah,Williams,$2a$10$jA8NX6H1tdL24vu10zQntOIe2SdCCTQr40G5GAK27z.qEDI3Ds5vS,CUSTOMER,0
jeanette.hamilton61@example.com,Jeanette,Hamilton,$2a$10$jA8NX6H1tdL24vu10zQntOIe2SdCCTQr40G5GAK27z.qEDI3Ds5vS,CUSTOMER,0
angela.wilson62@example.com,Angela,Wilson,$2a$10$jA8NX6H1tdL24vu10zQntOIe2SdCCTQr40G5GAK27z.qEDI3Ds5vS,CUSTOMER,0
christopher.patterson63@example.com,Christopher,Patterson,$2a$10$jA8NX6H1tdL24vu10zQntOIe2SdCCTQr40G5GAK27z.qEDI3Ds5vS,CUSTOMER,0
rebecca.stewart64@example.com,Rebecca,Stewart,$2a$10$jA8NX6H1tdL24vu10zQntOIe2SdCCTQr40G5GAK27z.qEDI3Ds5vS,CUSTOMER,0
trevor.larson65@example.com,Trevor,Larson,$2a$10$jA8NX6H1tdL24vu10zQntOIe2SdCCTQr40G5GAK27z.qEDI3Ds5vS,CUSTOMER,0
heather.green66@example.com,Heather,Green,$2a$10$jA8NX6H1tdL24vu10zQntOIe2SdCCTQr40G5GAK27z.qEDI3Ds5vS,CUSTOMER,0
carlos.stewart67@example.com,Carlos,Stewart,$2a$10$jA8NX6H1tdL24vu10zQntOIe2SdCCTQr40G5GAK27z.qEDI3Ds5vS,CUSTOMER,0
brandi.murray68@example.com,Brandi,Murray,$2a$10$jA8NX6H1tdL24vu10zQntOIe2SdCCTQr40G5GAK27z.qEDI3Ds5vS,CUSTOMER,0
lauren.austin69@example.com,Lauren,Austin,$2a$10$jA8NX6H1tdL24vu10zQntOIe2SdCCTQr40G5GAK27z.qEDI3Ds5vS,CUSTOMER,0
kevin.jones70@example.com,Kevin,Jones,$2a$10$jA8NX6H1tdL24vu10zQntOIe2SdCCTQr40G5GAK27z.qEDI3Ds5vS,CUSTOMER,0
brooke.meyers71@example.com,Brooke,Meyers,$2a$10$jA8NX6H1tdL24vu10zQntOIe2SdCCTQr40G5GAK27z.qEDI3Ds5vS,CUSTOMER,0
adam.martin72@example.com,Adam,Martin,$2a$10$jA8NX6H1tdL24vu10zQntOIe2SdCCTQr40G5GAK27z.qEDI3Ds5vS,CUSTOMER,0
travis.hodge73@example.com,Travis,Hodge,$2a$10$jA8NX6H1tdL24vu10zQntOIe2SdCCTQr40G5GAK27z.qEDI3Ds5vS,CUSTOMER,0
kyle.lee74@example.com,Kyle,Lee,$2a$10$jA8NX6H1tdL24vu10zQntOIe2SdCCTQr40G5GAK27z.qEDI3Ds5vS,CUSTOMER,0
savannah.robinson75@example.com,Savannah,Robinson,$2a$10$jA8NX6H1tdL24vu10zQntOIe2SdCCTQr40G5GAK27z.qEDI3Ds5vS,CUSTOMER,0
joshua.davis76@example.com,Joshua,Davis,$2a$10$jA8NX6H1tdL24vu10zQntOIe2SdCCTQr40G5GAK27z.qEDI3Ds5vS,CUSTOMER,0
edward.lawson77@example.com,Edward,Lawson,$2a$10$jA8NX6H1tdL24vu10zQntOIe2SdCCTQr40G5GAK27z.qEDI3Ds5vS,CUSTOMER,0
craig.moore78@example.com,Craig,Moore,$2a$10$jA8NX6H1tdL24vu10zQntOIe2SdCCTQr40G5GAK27z.qEDI3Ds5vS,CUSTOMER,0
henry.garcia79@example.com,Henry,Garcia,$2a$10$jA8NX6H1tdL24vu10zQntOIe2SdCCTQr40G5GAK27z.qEDI3Ds5vS,CUSTOMER,0
dakota.long80@example.com,Dakota,Long,$2a$10$jA8NX6H1tdL24vu10zQntOIe2SdCCTQr40G5GAK27z.qEDI3Ds5vS,CUSTOMER,0
kimberly.parker81@example.com,Kimberly,Parker,$2a$10$jA8NX6H1tdL24vu10zQntOIe2SdCCTQr40G5GAK27z.qEDI3Ds5vS,CUSTOMER,0
amanda.nelson82@example.com,Amanda,Nelson,$2a$10$jA8NX6H1tdL24vu10zQntOIe2SdCCTQr40G5GAK27z.qEDI3Ds5vS,CUSTOMER,0
dakota.lee83@example.com,Dakota,Lee,$2a$10$jA8NX6H1tdL24vu10zQntOIe2SdCCTQr40G5GAK27z.qEDI3Ds5vS,CUSTOMER,0
tracy.rivera84@example.com,Tracy,Rivera,$2a$10$jA8NX6H1tdL24vu10zQntOIe2SdCCTQr40G5GAK27z.qEDI3Ds5vS,CUSTOMER,0
amy.marshall85@example.com,Amy,Marshall,$2a$10$jA8NX6H1tdL24vu10zQntOIe2SdCCTQr40G5GAK27z.qEDI3Ds5vS,CUSTOMER,0
jessica.thompson86@example.com,Jessica,Thompson,$2a$10$jA8NX6H1tdL24vu10zQntOIe2SdCCTQr40G5GAK27z.qEDI3Ds5vS,CUSTOMER,0
samuel.nelson87@example.com,Samuel,Nelson,$2a$10$jA8NX6H1tdL24vu10zQntOIe2SdCCTQr40G5GAK27z.qEDI3Ds5vS,CUSTOMER,0
cynthia.lopez88@example.com,Cynthia,Lopez,$2a$10$jA8NX6H1tdL24vu10zQntOIe2SdCCTQr40G5GAK27z.qEDI3Ds5vS,CUSTOMER,0
andrew.williams89@example.com,Andrew,Williams,$2a$10$jA8NX6H1tdL24vu10zQntOIe2SdCCTQr40G5GAK27z.qEDI3Ds5vS,CUSTOMER,0
natasha.jones90@example.com,Natasha,Jones,$2a$10$jA8NX6H1tdL24vu10zQntOIe2SdCCTQr40G5GAK27z.qEDI3Ds5vS,CUSTOMER,0
frederick.sharp91@example.com,Frederick,Sharp,$2a$10$jA8NX6H1tdL24vu10zQntOIe2SdCCTQr40G5GAK27z.qEDI3Ds5vS,CUSTOMER,0
samantha.thompson92@example.com,Samantha,Thompson,$2a$10$jA8NX6H1tdL24vu10zQntOIe2SdCCTQr40G5GAK27z.qEDI3Ds5vS,CUSTOMER,0
brandon.walsh93@example.com,Brandon,Walsh,$2a$10$jA8NX6H1tdL24vu10zQntOIe2SdCCTQr40G5GAK27z.qEDI3Ds5vS,CUSTOMER,0
darius.lawrence94@example.com,Darius,Lawrence,$2a$10$jA8NX6H1tdL24vu10zQntOIe2SdCCTQr40G5GAK27z.qEDI3Ds5vS,CUSTOMER,0
meghan.walker95@example.com,Meghan,Walker,$2a$10$jA8NX6H1tdL24vu10zQntOIe2SdCCTQr40G5GAK27z.qEDI3Ds5vS,CUSTOMER,0
robert.craig96@example.com,Robert,Craig,$2a$10$jA8NX6H1tdL24vu10zQntOIe2SdCCTQr40G5GAK27z.qEDI3Ds5vS,CUSTOMER,0
